{
	"type": "ItemTurret",

	"size": 4,
	"health": 650,

	"maxAmmo": 150,
	"ammoPerShot" : 50,
	"reloadTime": 350,

	"range": 700,
	"lifetime": 5,

	"targetAir" : false, 
	"targetGround" : true, 

	"recoilAmount" : 15,
	"shootShake" : 12,
	"inaccuracy": 0,

	"restitution" : 0.1,
	"rotatespeed": 0.6,

	"shootSound" : "DeadeyeShoot",

	"buildCostMultiplier" : 0.2,	

	"ammoTypes":	{
		"titanium-carbide": {
			"type" : "LaserBulletType",
			"damage": 9000,
			"splashDamageRadius" : 40,
			"splashDamage" : 8000,
			"length" : 3000,
			"width" : 30,
			"drawSize": 800,
			"knockback": 625,
			"pierce": true,
			"hitEffect": "blockExplosion",
			"smokeEffect": "blastExplosion",
			"shootEffect": "lancerLaserShoot",
			"fragBullets": 5,
			"fragBullet": {
				"type": "BasicBulletType",
				"status" : "melting",
				"lifetime": 120,
				"speed": 0.5,
				"damage" : 1500,
				"frontColor": "bbdefb",
				"backColor": "90caf9"
			}
		}
	},
	"consumes" : {
			"power": 8
			},
	"requirements": [
		{ "item": "thorium", "amount": 2000 },
		{ "item": "titanium-carbide", "amount": 1500 },
		{ "item": "silicon", "amount": 1500 },
		{ "item": "surge-alloy", "amount": 1200 },
		{ "item": "metaglass", "amount": 1500 }
	],
	"category": "turret",
	"research": "foreshadow"
}