{
	"type": "ItemTurret",
	"size": 3,
	"health": 900,

	"maxAmmo": 100,
	"ammoPerShot" : 10,
	"reloadTime": 120,

	"range": 460,

	"targetAir" : true, 
	"targetGround" : true, 

	"rotatespeed": 8,
	"inaccuracy": 2,

	"recoilAmount" : 5,	
	"restitution" : 0.5,

	"shootSound" : "ExcaliberShoot",

	"buildCostMultiplier" : 0.5,

	"ammoTypes":	{
		"blast-compound": {
			"type" : "BasicBulletType",
			"damage": 300,
			"splashDamageRadius" : 40,
			"splashDamage" : 250,
			"speed": 16.0,	
			"lifetime": 30,
			"height" : 40,
			"width" : 8,
			"ammoMultiplier": 4,
			"frontColor": "ff795e",
			"backColor":"f9a825",
			"hitEffect": "blockExplosion",
			"shootEffect": "producesmoke",
			"smokeEffect": "hitBulletBig"
			},
		"titanium": {
			"type" : "BasicBulletType",
			"damage": 250,
			"speed": 20.0,
			"lifetime": 30,
			"height" : 40,
			"width" : 8,
			"ammoMultiplier": 3,
			"pierce": true,
			"hitEffect": "generatespark",
			"shootEffect": "producesmoke",
			"smokeEffect": "hitBulletBig"
		},
		"titanium-carbide": {
			"type" : "LaserBulletType",
			"damage": 1550,
			"length" : 6000,
			"width" : 15,
			"drawSize": 800,
			"ammoMultiplier": 3,
			"pierce": true,
			"hitEffect": "blockExplosion",
			"smokeEffect": "blastExplosion",
			"shootEffect": "lancerLaserShoot"
		}
	},
	"consumes" : {
		"power": 3
		},
	"requirements": [
		{ "item": "lead", "amount": 550 },
		{ "item": "graphite", "amount": 650 },
		{ "item": "silicon", "amount": 450 },
        { "item": "titanium", "amount": 850 }
	],
	"category": "turret",
	"research": "ripple"
}