{
	"type": "ItemTurret",
	"size": 3,
	"health": 900,

	"maxAmmo": 600,
	"ammoPerShot" : 5,
	"reloadTime": 0.3,

	"range": 200,

	"targetAir" : false, 
	"targetGround" : true, 

	"rotatespeed": 8,
	"inaccuracy": 7,
	"shots" : 2,
	"xRand" : 4,

	"recoilAmount" : 2,
	"restitution" : 0.8, 

	"shootSound" : "shoot",

	"buildCostMultiplier" : 0.2,

	"ammoTypes": {
		"blast-compound": {
			"type" : "MissileBulletType",
			"damage": 35,
			"splashDamageRadius" : 40,
			"splashDamage" : 30,
			"speed": 8.0,
			"lifetime": 5,
			"height": 10,
			"width" : 5,
			"ammoMultiplier": 5,
			"homingPower": 0.5,
			"hitEffect": "plasticExplosion",
			"smokeEffect": "mineHuge"
			},
		"titanium-carbide": { 
			"type" : "BasicBulletType",
			"damage": 45,
			"height": 15,
			"width" : 5,			
			"speed": 10.0,
			"lifetime": 5,
			"ammoMultiplier": 5	,
			"pierce": true,	
			"hitEffect": "hitBulletBig",
			"smokeEffect": "mineHuge"
			}	
	},
	"requirements": [
		{ "item": "titanium", "amount": 900 },
		{ "item": "plastanium", "amount": 1000 },
		{ "item": "surge-alloy", "amount" : 250},
		{ "item": "metaglass", "amount" : 550},
		{ "item": "graphite", "amount": 900 }
	],
	"category": "turret",
	"research": "cyclone"
}