{
	"type": "ItemTurret",
	"size": 1,
	"health": 280,
	"reloadTime": 4,
	"xRand": 4,
	"shot" : 1,
	"maxAmmo": 100,
	"range": 140,
	"shootSound" : "shoot",
	"lifetime": 4,
	"inaccuracy": 4,
	"rotatespeed": 10,
	
	"ammoTypes": {
		"copper": "standardCopper",
		"graphite": "standardDense",
		"pyratite": "standardIncendiary",
		"silicon": "standardHoming"
		},
		
	"requirements": [
		{ "item": "copper", "amount": 35 },
		{ "item": "lead", "amount": 15 },
		{ "item": "graphite", "amount":5 }
	],
	"category": "turret",
	"research": "trio"
}