{
	"type": "GenericCrafter",
	"health" : 1280,
	"size": 4,
	"hasPower": true,
	"hasLiquids": true,
	"hasItems": true,
	"craftTime": 75,
	"itemCapacity": 30,
	"liquidCapacity" : 500,
	"buildCostMultiplier" : 0.6,	
	"craftEffect": "formsmoke",
	"updateEffect" : "plasticburn",
	"outputItem": {"item": "plastanium", "amount": 6},
	"consumes": {
		"power": 6.5,
		"items": {
			"items": [
				{ "item": "titanium", "amount": 8},
				{ "item": "pyratite", "amount": 2}
			]
		},
		"liquid": 
			{"liquid": "oil", "amount": 1}
	},
	"requirements": [
		{ "item": "thorium", "amount": 220 },
		{ "item": "silicon", "amount": 150 },
		{ "item": "plastanium", "amount": 90},
		{ "item": "graphite", "amount": 240 }
	],
	"category": "crafting",	
	"research": "silicon-crucible"
}

