{
	"type": "GenericSmelter",
	"health" : 960,
	"size": 4,
	"hasPower": true,
	"hasLiquids": false,
	"hasItems": true,
	"craftTime": 90,
	"itemCapacity": 30,
	"buildCostMultiplier" : 0.6,	
	"updateEffect": "ballfire",
	"craftEffect": "blastsmoke",
	"outputItem": {"item": "metaglass", "amount": 12},
	"consumes": {
		"power": 5,
		"items": {
			"items": [
				{ "item": "sand", "amount": 8},
				{ "item" : "lead", "amount": 8},
				{ "item": "pyratite", "amount": 4}
			]
		}
	},
	"requirements": [
		{ "item": "thorium", "amount": 220 },
		{ "item": "titanium", "amount": 350 },
		{ "item": "phase-fabric", "amount": 120},
		{ "item": "metaglass", "amount": 220 }
	],
	"category": "crafting",
	"research": "kiln"
}

