{
	"type": "GenericSmelter",
	"health" : 960,
	"size": 4,
	"hasPower": true,
	"hasLiquids": true,
	"hasItems": true,
	"craftTime": 90,
	"itemCapacity": 36,
	"buildCostMultiplier" : 0.6,
	"craftEffect": "lightning",	
	"updateEffect": "lightningShoot",
	"outputItem": {"item": "silicon", "amount": 12},
	"consumes": {
		"power": 5,
		"items": {
			"items": [
				{ "item": "sand", "amount": 12},
				{ "item": "surge-alloy", "amount": 1},
				{ "item" : "coal", "amount": 8}
			]
		}
	},
	"requirements": [
		{ "item": "thorium", "amount": 240 },
		{ "item": "titanium", "amount": 350 },
		{ "item": "phase-fabric", "amount": 160},
		{ "item": "silicon", "amount": 200 }
	],
	"category": "crafting",
	"research": "silicon-crucible"
	
}

