{
	"type": "OverdriveProjector",
	"health": 80,
	"size": 1,
	"range": 48,
	"reload": 66,
	"speedBoost": 1.25,
	"buildCostMultiplier" : 0.8,
	"phaseRangeBoost": 60,
	"speedBoostPhase" :0.50,
	"consumes": {
		"power": 1.5,
		"items": {
			"items": [ 
				{ "amount": 1, "item": "silicon" } 
						],
				"optional": true
		}
	},
	"requirements": [
		{ "item": "lead", "amount": 50 },
		{ "item": "silicon", "amount": 25 },
		{ "item": "titanium", "amount": 50 }
	],
	"category": "effect",
	"research": "mender"

}