{
	"type": "ItemTurret",
	"size": 2,
	"health": 240,
	"reloadTime": 30,
	"range": 200,
	"maxAmmo": 48,
	"lifetime": 2,
	"inaccuracy": 5,
	"shots" : 8,
	
	"targetAir" : false, 
	"targetGround" : true,
	"shootCone" : 0.08,
	"spread" : 1,

	"recoil" : 8,
	"restitution" : 0.6, 
	"rotatespeed": 4,

	"shootSound" : "shotgun",


	"xRand" : 1,
	"ammoPerShot" : 4,

	"ammoTypes": {
		"lead": {
			"type" : "BasicBulletType",
			"trailEffect" : "artilleryTrail",
			"speed": 8.0,
			"damage": 6,
			"bulletHeight" : 12,
			"hitEffect": "blastExplosion",
			"shootEffect": "producesmoke",
			"pierce": false,
			"smokeEffect": "hitBulletBig"
		}
	},
	"requirements": [
		{ "item": "lead", "amount": 65 },
		{ "item": "copper", "amount": 50 },
		{ "item": "graphite", "amount": 40}
	],
	"category": "turret",
	"research": "trenchgrade"
}