{
	"type": "ItemTurret",
	"size": 3,
	"health": 1500,
	"reloadTime": 50,
	"range": 170,
	"maxAmmo": 256,
	"lifetime": 2,
	"inaccuracy": 5,
	"shots" : 48,

	"targetAir" : false, 
	"targetGround" : true,
	"shootCone" : 0.01,
	"spread" : 0.5,

	"recoil" : 16,
	"restitution" : 0.6, 
	"rotatespeed": 4,

	"shootSound" : "shotgun",

	"buildCostMultiplier" : 0.4,

	"xRand" : 1,
	"ammoPerShot" : 24,

	"ammoTypes": {
		"blast-compound": {
			"type" : "BasicBulletType",
			"speed": 8.0,
			"status" : "burning",
			"statusDuration": "1200",
			"damage": 12,
			"splashDamage" : 10,
			"bulletHeight" : 25,
			"bulletWidth" : 10,
			"splashDamageRadius" : 38,
			"hitEffect": "blastsmoke",
			"shootEffect": "shootBig2",
			"pierce": false,
			"smokeEffect": "hitBulletBig",
			"frontColor": "FEB380",
			"backColor": "EA8878",
			"fragBullets": 4,
			"fragBullet": {
				"type": "LiquidBulletType",
				"liquid": "slag",
				"status": "melting",
				"lifetime": 120,
				"speed": 1,
				"damage" : 4
			}
		},
		"cryogel": {
			"type" : "BasicBulletType",
			"status" : "freezing",
			"statusDuration": "1200",
			"speed" : 8.0,
			"damage": 15,
			"splashDamage" : 12,
			"splashDamageRadius" : 38,
			"knockback" : 15,
			"height" : 25,
			"width" : 10,
			"pierce": false,
			"frontColor":"C0ECFF" ,
			"backColor": "87CEEB",
			"hitEffect": "hitLancer",
			"shootEffect": "producesmoke",
			"smokeEffect": "hitBulletBig",
			"fragBullets": 4,
			"fragBullet": {
				"type": "LiquidBulletType",
				"liquid": "cryofluid",
				"status" : "corroded",
				"lifetime": 120,
				"speed": 1,
				"damage" : 4
			}
		}
	},
	"requirements": [
		{ "item": "metaglass", "amount": 300 },
		{ "item": "silicon", "amount": 350 },
		{ "item": "thorium", "amount": 240},
		{ "item": "plastanium", "amount": 150},
		{ "item": "titanium", "amount": 225}
	],
	"category": "turret",
	"research": "brasshaven"
}